,제목,평점,장르,줄거리
0,극장판 귀멸의 칼날: 무한열차편,9,애니메이션,"혈귀로 변해버린 여동생 ‘네즈코’를 인간으로 되돌릴 단서를 찾아 비밀조직 귀살대에 들어간 ‘탄지로.’‘젠이츠’, ‘이노스케’와 새로운 임무 수행을 위해 무한열차에 탑승 후귀살대 최강 검사 염주 ‘렌고쿠’와 합류한다.달리는 무한열차에서 승객들이 하나 둘 흔적 없이 사라지자숨어있는 식인 혈귀의 존재를 직감하는 ‘렌고쿠’.귀살대 ‘탄지로’ 일행과 최강 검사 염주 ‘렌고쿠’는어둠 속을 달리는 무한열차에서 모두의 목숨을 구하기 위해예측불가능한 능력을 가진 혈귀와 목숨을 건 혈전을 시작하는데…"
1,콰이어트 플레이스,7,공포/스릴러,소리를 내는 순간 공격받는 극한의 상황 속에서 살아남기 위한 한 가족의 숨막히는 사투를 그린 이야기< 생존 법칙 >1. 어떤 소리도 내지 말 것2. 아무 말도 하지 말 것3. 붉은 등이 켜지면 무조건 도망갈 것
2,킬러의 보디가드,8,액션,"세상 제일 잘난 맛에 사는 섭외 1순위 앵그리 보디가드가지명수배 1순위 구강 액션 지존 킬러를 보호하게 되면서 벌어지는누가 누구를 지키는 지 모를, 서로 못 죽여서 안달 난브로맨스 제로, 환장 케미의 킬링 액션 블록버스터"
3,크루엘라,9,드라마,"처음부터 난 알았어. 내가 특별하단 걸그게 불편한 인간들도 있겠지만 모두의 비위를 맞출 수는 없잖아?그러다 보니 결국, 학교를 계속 다닐 수가 없었지우여곡절 런던에 오게 된 나, 에스텔라는 재스퍼와 호레이스를 운명처럼 만났고나의 뛰어난 패션 감각을 이용해 완벽한 변장과 빠른 손놀림으로 런던 거리를 싹쓸이 했어도둑질이 지겹게 느껴질 때쯤, 꿈에 그리던 리버티 백화점에 낙하산(?)으로 들어가게 됐어거리를 떠돌았지만 패션을 향한 나의 열정만큼은 언제나 진심이었거든근데 이게 뭐야, 옷에는 손도 못 대보고 하루 종일 바닥 청소라니인내심에 한계를 느끼고 있을 때, 런던 패션계를 꽉 쥐고 있는 남작 부인이 나타났어천재는 천재를 알아보는 법! 난 남작 부인의 브랜드 디자이너로 들어가게 되었지꿈을 이룰 것 같았던 순간도 잠시, 세상에 남작 부인이 ‘그런 사람’이었을 줄이야…그래서 난 내가 누군지 보여주기로 했어잘가, 에스텔라난 이제 크루엘라야!"
4,크루즈 패밀리: 뉴 에이지,9,액션,"동굴을 떠나 새로운 거주지를 찾아 나선 크루즈 패밀리.우여곡절 끝에 찾은 완벽한 트리 하우스에서 진화된 인류, 베터맨 패밀리와 마주한다.도구를 사용하고 ‘집’에서 안전하게 살아가는 지능형 베터맨 패밀리와맨손으로 사냥하고 자연과 함께 살아가는 본능형 크루즈 패밀리는너무나도 다른 삶의 방식으로 사사건건 부딪힌다.반면 처음으로 여자 사람친구를 만난 ‘이프’와 ‘던’은 가족들과 달리 우정을 쌓아가지만점점 두 가족에게 예상치 못한 위협이 닥쳐오는데…"
5,소울,9,애니메이션,"뉴욕에서 음악 선생님으로 일하던 ‘조’는꿈에 그리던 최고의 밴드와 재즈 클럽에서 연주하게 된 그 날,예기치 못한 사고로 영혼이 되어 ‘태어나기 전 세상’에 떨어진다.탄생 전 영혼들이 멘토와 함께 자신의 관심사를 발견하면 지구 통행증을 발급하는 ‘태어나기 전 세상’‘조’는 그 곳에서 유일하게 지구에 가고 싶어하지 않는 시니컬한 영혼 ‘22’의 멘토가 된다.링컨, 간디, 테레사 수녀도 멘토되길 포기한 영혼 ‘22’꿈의 무대에 서려면 ‘22’의 지구 통행증이 필요한 ‘조’그는 다시 지구로 돌아가 꿈의 무대에 설 수 있을까?"
6,파이프라인,6,액션,"손만 대면 대박을 터트리는 도유 업계 최고 천공기술자 ‘핀돌이’는수천억의 기름을 빼돌리기 위해 거대한 판을 짠 대기업 후계자 ‘건우’의거부할 수 없는 제안에 빠져 위험천만한 도유 작전에 합류한다.프로 용접공 '접새', 땅 속을 장기판처럼 꿰고 있는 '나과장',괴력의 인간 굴착기 '큰삽', 이 모든 이들을 감시하는 '카운터'까지!그러나 저마다 다른 목적을 가진 이들이 서로를 속고 속이면서계획은 예상치 못한 방향으로 흘러가기 시작하는데...인생 역전을 꿈꾸는 여섯 명의 도유꾼들그들의 막장 팀플레이가 시작된다!"
7,미나리,7,드라마,"""미나리는 어디서든 잘 자라""낯선 미국, 아칸소로 떠나온 한국 가족.가족들에게 뭔가 해내는 걸 보여주고 싶은 아빠 '제이콥'(스티븐 연)은자신만의 농장을 가꾸기 시작하고 엄마 '모니카'(한예리)도 다시 일자리를 찾는다.아직 어린 아이들을 위해 ‘모니카’의 엄마 ‘순자’(윤여정)가 함께 살기로 하고가방 가득 고춧가루, 멸치, 한약 그리고 미나리씨를 담은 할머니가 도착한다.의젓한 큰딸 '앤'(노엘 케이트 조)과 장난꾸러기 막내아들 '데이빗'(앨런 김)은여느 그랜마같지 않은 할머니가 영- 못마땅한데…함께 있다면, 새로 시작할 수 있다는 희망으로하루하루 뿌리 내리며 살아가는어느 가족의 아주 특별한 여정이 시작된다!"
8,조커,8,드라마,고담시의 광대 아서 플렉은 코미디언을 꿈꾸는 남자.하지만 모두가 미쳐가는 코미디 같은 세상에서맨 정신으로는 그가 설 자리가 없음을 깨닫게 되는데…이제껏 본 적 없는 진짜 ‘조커’를 만나라!
11,노매드랜드,8,드라마,"경제적 붕괴로 도시 전체가 무너진 후 홀로 남겨진 ‘펀’.(프란시스 맥도맨드)추억이 깃든 도시를 떠나 작은 밴과 함께 한 번도 가보지 않은 낯선 길 위의 세상으로 떠난다.그 곳에서 ‘펀’은 각자의 사연을 가진 노매드들을 만나게 되고,광활한 자연과 길 위에서의 삶을 스스로 선택한 그들과 만나고 헤어지며다시 살아가기 위한 여정을 시작하는데…"
12,자산어보,9,드라마,"“이 양반은 대역 죄인이니 너무 잘해줄 생각들 말어”순조 1년, 신유박해로 세상의 끝 흑산도로 유배된 ‘정약전’.호기심 많은 '정약전'은 그 곳에서 바다 생물에 매료되어 책을 쓰기로 한다.이에 바다를 훤히 알고 있는 청년 어부 ‘창대’에게 도움을 구하지만‘창대’는 죄인을 도울 수 없다며 단칼에 거절한다.“내가 아는 지식과 너의 물고기 지식을 바꾸자""‘창대’가 혼자 글 공부를 하며 어려움을 겪고 있다는 것을 알게 된 ‘정약전’은 서로의 지식을 거래하자고 제안하고거래라는 말에 ‘창대’는 못 이기는 척 받아들인다.둘은 티격태격하면서도 점차 서로의 스승이자 벗이 되어 간다.""너 공부해서 출세하고 싶지?""그러던 중 '창대'가 출세하기 위해 공부에 매진했다는 사실을 알게 된 '정약전'은 크게 실망한다.‘창대’ 역시 '정약전'과는 길이 다르다는 것을 깨닫고'정약전'의 곁을 떠나 세상 밖으로 나가고자 결심하는데..."
13,라야와 마지막 드래곤,9,애니메이션,"인간과 드래곤이 평화롭게 공존하던 신비의 땅, 쿠만드라 왕국살아있는 모든 생명을 삼키는 악의 세력 '드룬'이 들이닥치자,드래곤들은 인간을 구하기 위해 스스로를 희생하고 전설 속으로 사라진다.500년 후 부활한 '드룬'이 또다시 세상을 공포에 빠뜨리자,전사 ‘라야’는 분열된 쿠만드라를 구하기 위해전설 속 마지막 드래곤을 찾아 모험을 떠난다.그러나, ‘라야’는 험난한 여정을 겪으며 세상을 구하기 위해서는전설 속 드래곤보다 더 중요한 것이 있다는 것을 깨닫게 되는데…"
15,어벤져스: 인피니티 워,8,액션,"새로운 조합을 이룬 어벤져스,역대 최강 빌런 타노스에 맞서 세계의 운명이 걸린인피니티 스톤을 향한 무한 대결이 펼쳐진다!마블의 클라이맥스를 목격하라!"
16,분노의 질주: 홉스&쇼,7,액션,공식적으로만 세상을 4번 구한 전직 베테랑 경찰 ‘루크 홉스’(드웨인 존슨)분노 조절 실패로 쫓겨난 전직 특수요원 ‘데카드 쇼’(제이슨 스타뎀)99.9% 완벽히 다른 두 남자는 전 세계를 위협하는 불가능한 미션을 해결하기 위해어쩔 수 없이 한 팀이 되고 마는데…
17,어벤져스: 엔드게임,9,액션,인피니티 워 이후 절반만 살아남은 지구마지막 희망이 된 어벤져스먼저 떠난 그들을 위해 모든 것을 걸었다!위대한 어벤져스운명을 바꿀 최후의 전쟁이 펼쳐진다!
18,곡성(哭聲),7,드라마,"낯선 외지인(쿠니무라 준)이 나타난 후 벌어지는 의문의 연쇄 사건들로 마을이 발칵 뒤집힌다. 경찰은 집단 야생 버섯 중독으로 잠정적 결론을 내리지만 모든 사건의 원인이 그 외지인 때문이라는 소문과 의심이 걷잡을 수 없이 퍼져 나간다. 경찰 ‘종구’(곽도원)는 현장을 목격했다는 여인 ‘무명’(천우희)을 만나면서 외지인에 대한 소문을 확신하기 시작한다. 딸 ‘효진’(김환희)이 피해자들과 비슷한 증상으로 아파오기 시작하자 다급해진 ‘종구’. 외지인을 찾아 난동을 부리고, 무속인 ‘일광’(황정민)을 불러들이는데..."
19,헝거게임 : 더 파이널,7,액션,"두 번의 헝거게임에서 살아남은 생존자 캣니스 에버딘. 그런 그녀를 향한 스노우 대통령의 공격은 더욱 거세지고 캣니스의 분노는 폭발한다.캣니스는 그를 멈추고 모든 것을 끝낼 수 있는 사람이 바로 자신임을 깨닫고, 13구역 군단에 합류한다. 철저하게 준비를 끝낸 캣니스와 최정예 요원들은 캐피톨 입성에 성공하지만 스노우 대통령이 설치한 함정들로 인해 목숨을 위협받는 위험한 상황에 처하게 된다.희생된 동료들을 뒤로한 채 가까스로 스노우 대통령과의 대결을 앞둔 캣니스에게 또 다른 충격적인 사건이 벌어지는데…마침내 최후의 승자가 결정된다!"
20,500일의 썸머,8,코미디,운명적 사랑을 믿는 남자 ‘톰’모든 것이 특별한 여자 ‘썸머’에 완전히 빠졌다.사랑은 환상일 뿐이라고 생각하는 여자 ‘썸머’친구인 듯 연인 같은 ‘톰’과의 부담 없는 썸이 즐겁다.“저기… 우리는 무슨 관계야?”설렘으로 가득한 시간도 잠시두 사람에게도 피할 수 없는 선택의 순간이 찾아오는데…“우리 모두의 단짠단짠 연애담!”설레는 1일부터 씁쓸한 500일까지서로 다른 남녀의 극사실주의 하트시그널!
21,노바디 ,8,액션,"비범한 과거를 숨긴 채 남들과 다를 바 없는 평범한 일상을 사는 한 가정의 가장 ‘허치’매일 출근을 하고, 분리수거를 하고 일과 가정 모두 나름 최선을 다하지만아들한테는 무시당하고 아내와의 관계도 소원하다.그러던 어느 날, 집안에 강도가 들고 허치는 한 번의 반항도 하지 못하고 당한다.더 큰 위험으로부터 가족을 지키기 위한 선택이었는데 모두 무능력하다고 ‘허치’를 비난하고,결국 그동안 참고 억눌렀던 분노가 폭발하고 만다."
22,애드 아스트라,7,공포/스릴러,"미 육군 소령  ‘로이 맥브라이드’(브래드 피트)는우주의 지적생명체를 찾기 위한 ‘리마 프로젝트’를 수행하다 실종된 아버지를영웅이라 믿으며 우주 비행사의 꿈을 키웠다. 어느 날, ‘로이’는 이상 현상으로 우주 안테나에서 지구로 추락하는 사고를 당하고인류를 위협할 전류 급증 현상인 이 ‘써지’ 사태가자신의 아버지가 벌인 위험한 실험에서 시작되었다는 이야기를 듣게 된다. 믿고 있는 모든 것이 흔들린다!아버지가 살아 있다는 충격적인 사실과 함께그를 막아야 한다는 임무를 맡게 된 ‘로이’는 우주로 향하게 되는데…지금껏 본 적 없는 진짜 미래를 경험하라!"
23,연평해전,9,드라마,"해군 출신 아버지의 자랑스러운 아들이자, 참수리 357호 정장 ‘윤영하’ 대위아내의 든든한 남편이자, 참수리 357호 조타장 ‘한상국’ 하사어머니의 하나뿐인 아들이자, 참수리 357호 의무병 ‘박동혁’ 상병참수리 357호 대원들은 실전을 방불케 하는 고된 훈련 속에 서로를 의지하며 가족 같은 존재가 되어간다.무더운 여름과 함께 월드컵의 함성이 뜨거워지는 가운데, 한국과 터키의 3, 4위전 경기가 열리던 그날서해 바다 한 가운데에 포성이 울리는데…2016년 제 21회 팜 비치 국제영화제 초청"
24,분노의 질주: 더 세븐,9,액션,"거대 범죄 조직을 소탕한 뒤 전과를 사면 받고, 평범한 일상을 되찾은 도미닉(빈 디젤)과 멤버들.하지만 평화도 잠시, 한(성 강)의 갑작스러운 죽음에 이어, 도미닉의 집이 순식간에 폭파당한다.그들을 차례대로 제거하려는 최악의 상대 데카드 쇼(제이슨 스타뎀)의 등장으로도미닉은 다시 한 번 역대 최강의 멤버들을 불러모아 숨막히는 반격을 결심하는데…"
25,노트북,9,드라마,"17살, ‘노아’는 밝고 순수한 ‘앨리’를 보고 첫눈에 반한다. 빠른 속도로 서로에게 빠져드는 둘.그러나 이들 앞에 놓인 장벽에 막혀 이별하게 된다. 24살, ‘앨리’는 우연히 신문에서 ‘노아’의 소식을 접하고 잊을 수 없는 첫사랑 앞에서 다시 한 번 선택의 기로에 서게 되는데… 열일곱의 설렘, 스물넷의 아픈 기억, 그리고 마지막까지… 한 사람을 지극히 사랑했으니 내 인생은 성공한 인생입니다"
27,테넷,8,액션,시간의 흐름을 뒤집는 인버전을 통해 현재와 미래를 오가며 세상을 파괴하려는 사토르(케네스 브래너)를 막기 위해 투입된 작전의 주도자(존 데이비드 워싱턴). 인버전에 대한 정보를 가진 닐(로버트 패틴슨)과 미술품 감정사이자 사토르에 대한 복수심이 가득한 그의 아내 캣(엘리자베스 데비키)과 협력해 미래의 공격에 맞서 제3차 세계대전을 막아야 한다!
28,알라딘,9,액션,"머나먼 사막 속 신비의 아그라바 왕국의 시대.좀도둑 ‘알라딘’은 마법사 ‘자파’의 의뢰로 마법 램프를 찾아 나섰다가주인에게 세 가지 소원을 들어주는 지니를 만나게 되고,자스민 공주의 마음을 얻으려다 생각도 못했던 모험에 휘말리게 되는데…"
29,스타 이즈 본,9,드라마,"노래에 놀라운 재능을 가졌지만 외모에는 자신이 없는 무명가수 앨리(레이디 가가)는공연을 하던 바에서 우연히 톱스타 잭슨 메인(브래들리 쿠퍼)을 만나게 된다.자신의 모든 것을 사랑해주는 잭슨의 도움으로 앨리는 자기 안의 열정을 폭발시키며 최고의 스타로 거듭나지만,잭슨은 어린 시절의 상처와 예술가적 고뇌 속에서 점점 무너져가는데…"
30,독전,7,액션,"의문의 폭발 사고 후,오랫동안 마약 조직을 추적해온 형사 ‘원호’(조진웅)의 앞에조직의 후견인 ‘오연옥’(김성령)과 버림받은 조직원 ‘락’(류준열)이 나타난다.그들의 도움으로 아시아 마약 시장의 거물 ‘진하림’(김주혁)과 조직의 숨겨진 인물 ‘브라이언’(차승원)을 만나게 되면서그 실체에 대한 결정적 단서를 잡게 되는데…끝까지 의심하라!독한 자들의 전쟁이 시작된다!"
31,레이디 버드,8,코미디,"안녕 내 이름은 ""레이디 버드""라고 해다른 이름이 있지만, 내가 나에게 이름을 지어줬지모두가 나에게 잘 살아보라고 충고로 위장한 잔소리를 해하지만 지금 이 모습이 내 최고의 모습이라면?날 좀 그냥 내버려 둬!"
33,아델라인 : 멈춰진 시간,8,드라마,"우연한 사고 이후 영원히 늙지 않게 된 아델라인은 올해로 107세가 됐지만, 여전히 29세의 미모를 간직하고 있다.자신의 정체를 수상하게 여기는 사람들을 피해 10년마다 신분과 거주지를 바꾸며 외롭게 살아가던 아델라인은 새해 전야 파티에서 만난 엘리스와 사랑에 빠지게 된다.자신의 삶을 저주라고 생각하는 아델라인은 그에게 자신의 비밀을 고백하려 하는데…시간이 멈춘 아델라인의 사랑은 다시 시작 될 수 있을까?"
34,바람의 검심 : 교토 대화재편,8,액션,"세상을 뒤흔들 반란을 계획하고 있는 절대악 시시오와 그의 부하 십본도를 저지하기 위해 교토까지 온 히무라 켄신 (사토 타케루). 한때 켄신의 자리를 이어받아 유신지사로 활동했던 시시오가 정부에 배신당하고 반란을 일으킨 것이다. 시시오 일당에 맞서던 켄신은 십본도의 세타 소지로 (카미키 류노스케)에 의해 역날검이 반토막이 나게 되고, 나라와 자신의 곁을 지키는 사람들이 절체절명의 위험에 빠지고 심지어 유일한 무기였던 역날검마저 쓸 수 없게 되면서 최대의 궁지에 몰리게 된다. 불살을 맹세했던 켄신은 부러진 역날검을 들고 최강의 절대악인 시시오와 맞서 일생일대의 마지막 결전을 앞두게 되는데.."
35,개를 훔치는 완벽한 방법,9,드라마,"어느 순간 아빠와 함께 집이 사라져 버렸다!그래서 지소는 동생 지석이랑 엄마와 함께 미니 봉고차에 지낸 지 벌써 한 달. 딱 일주일만 있다가 이사 간다는 엄마 말은 더 이상 믿을 수 없다.[개를 훔친다 → 전단지를 발견한다 → 개를 데려다 준다 → 돈을 받는다 → 행복하게 끝.]완벽해! 집을 구하기 위해 지소는 ‘개를 훔치는 완벽한 방법’을 계획한다. 개를 잃어버려도 금방 다시 사지 않을 어중간한 부자집, 들고 뛰기에 적당한 어중간한 크기, 훔칠 개를 물색하던 지소는 레스토랑 마르셀의 주인인 노부인의 개 ‘월리’를 목표로 정하는데…올 겨울, 가장 완벽하게 전 세대의 마음을 훔친다!"
36,헝거게임:모킹제이,7,액션,"헝거게임이 끝나고 캣니스의 고향인 12구역이 캐피톨의 폭격으로 파괴되자 그녀는 절망감으로 괴로워한다. 12구역의 생존자들이 13구역에 있다는 것을 알게 된 캣니스는 반정부 세력의 중심이 된다. 어떤 공격도, 어떤 감시도 피할 수 있는 전설의 13구역을 다스리는 대통령 코인은 캣니스에게 혁명의 불꽃이자 반군의 상징인 모킹제이가 되어달라고 부탁하고, 모두의 희망이 된 캣니스는 이제 세상을 구할 반격을 시작한다."
37,시간을 달리는 소녀,9,드라마,"저 마코토에게는 남들에게 말 못할 비밀이 하나 있어요. 타임리프라고 하는 능력이죠.어느 날 우연히 그 능력을 가지게 됐어요.카즈야 이모 말에 따르면 내 또래 여학생들에게 자주 일어날 수 있는 일이라더군요.아무튼 그 능력 덕택에 학교 성적도 좋아지고,지각도 안하고 잦은 실수도 훨씬 줄어들었어요.세상 만사가 다 내 손안에 있는 느낌이었죠.친한 친구인 고스케와 치아키도 저의 변화가 싫지 않은 것 같아요. 매일 셋이서 야구놀이하며 즐거운 나날을 보낼 수 있을 것 같았죠.그런데 느닷없이 치아키가 저에게 고백을 하는 거에요.""마코토, 나랑 사귀지 않을래?"" 전혀 남자로 보이지 않던 녀석인데 저는 깜짝 놀라고 말았어요. 어떻게든 그 고백을 없애기 위해 다시 과거로 돌아가 결국은 그 고백을 듣지 않게 되었어요. 하지만 과거로 돌아가면 돌아갈수록, 일이 점점 꼬여만 가요. 친구인 유리와 치아키가 연인 사이로 발전하는걸 지켜보려니 마음만 씁쓸하고, 고스케를 짝사랑하고 있던 후배 여학생의 고민상담까지 받은 저는 어떻게서든 두 사람을 이어주기 위해 과거에서 현재로 몇 번을 오갔는지 몰라요. 게다가 제가 당할 뻔한 사고를 대신 고스케가 당하는 불상사까지…타임리프로 사람의 마음을 내 멋대로 바꾼 벌을 받고 있나 봐요. 전 이제 어떡하면 좋을까요?"
38,플라이트 93,8,액션,"무역센터, 펜타곤에 연쇄 충돌한 3대의 민항기, 세계를 발칵 뒤집은 9.11 테러사건! 그러나 그날, 납치된 비행기는 총 4대였다... 따뜻하고 평온한 분위기가 감도는 뉴저지 공항. 새로운 국장의 취임으로 화기애애한 분위기의 미국연방항공국. 민항기들을 인도하고 진로를 체크하느라 바쁜 아침을 보내고 있는 관제센터. 편안한 하루의 시작을 알리듯 고요한 9월 11일 오전. 그러나 갑작스레 항로를 이탈하기 시작한 민항기로 평온에 금이 가기 시작한다. 보스턴에서 L.A로 향하는 아메리칸 항공 'AA11'편이 예고 없이 항로를 이탈하고, 관제센터가 교신을 시도하지만 아무런 응답이 없다. 그 순간 들려온 이국적인 말투의 짧은 교신, ""우리는 비행기들을 납치했다!"" 다급해진 관제센터는 테러집단에게 납치된 ""비행기들""을 찾아야만 한다. 美 영공에 떠있는 민항기는 총 4200대! 군과 항공국은 납치된 것으로 추정되는 민항기들을 찾기 시작한다. 뉴욕 근처에서 갑자기 레이더망에서 사라진 'AA11'편. 그 시각, CNN에서는 뉴욕의 상징인 세계무역센터에 비행기가 충돌했다는 충격적인 뉴스가 보도된다. 세계무역센터에서 불길과 연기가 치솟고 있는 가운데 또 다른 민항기가 재차 충돌하고, 이어 국방부 펜타곤에도 민항기가 추락한다. 미국 전역은 아수라장으로 변하고, 뉴욕은 극도의 공포로 마비된다. 같은 시각, 뉴저지에서 샌프란시스코를 향하고 있는 '유나이티드93'편의 승객들은 지상에서 무슨 일이 일어났는지도 모른 채 평온한 비행을 하고 있다. 하지만 승객으로 위장한 테러집단들이 행동을 개시, 비행기를 장악하자 공포에 휩싸이고, 가족들에게 마지막 목소리를 전하며 눈물을 흘리던 승객들은 오직 살기 위해 테러집단에 맞설 준비를 시작하는데... 9월 11일, 네번째 비행기에서는 과연 무슨 일이 벌어졌던 것인가. 충격과 아픔으로 가득한 숨겨진 그 날의 비극이 재현된다! {유나이티드 93의 공중납치만이 목표에 이루지 못하고 오전 10시 3분에 펜실바니아의 생크빌 근처에 추락했다. 생존자는 없었다. 군 사령부는 추락 후 4분까지 유나이티드 93이 공중납치 된 걸 몰랐고, 가장 가까운 전투기는 100마일 떨어져 있었다. 오전 10시 18분에 대통령은 공중납치 비행기에 대한 교전 허가를 내렸다. 우발적인 격추를 피하고자, 군 사령부는 출격 중인 조종사들에게 명령을 전달하지 않았다. 오후 12시 6분에 미국내 모든 국내 항공기가 착륙을 당했다. 전례 없는 군 전파교신 속에 미국 영공은 추후 통지가 있을 때까지 봉쇄되었다. 2001년 9월 11일 생명을 잃은 모든 사람들을 추모하며.}"
40,"사랑하고 사랑받고, 차고 차이고",7,애니메이션,"순정만화 같은 사랑을 꿈꾸는 고교 1학년 '유나'는소극적인 자신과는 달리 자신감 있는 '아카리'와 둘도 없는 친구 사이가 된다.아카리는 조금은 어른스러운 유나의 소꿉친구 '카즈'에게 끌리고,유나는 아카리의 동생 '리오'를 동경하지만 적극적으로 다가서지 못한다. 한편, 리오가 아카리에게 전하지 못한 마음을 간직한 채 부모님의 재혼으로 한 가족이 되었다는 ‘비밀’을 유나와 카즈가 알게 되면서네 사람의 감정은 점점 더 복잡하게 얽히는데…두근두근 엇갈린 짝사랑, 그리고 네 번의 고백그 애를 좋아하는 너를 좋아해도 될까?"
41,더 파더,8,드라마,"나는 런던에서 평화롭게 삶을 보내고 있었다.무료한 일상 속 나를 찾아오는 건 딸 ‘앤’ 뿐이다.그런데 앤이 갑작스럽게 런던을 떠난다고 말한다.그 순간부터 앤이 내 딸이 아닌 것처럼 느껴졌다.잠깐, 앤이 내 딸이 맞기는 한 걸까?기억이 뒤섞여 갈수록 지금 이 현실과 사랑하는 딸,그리고 나 자신까지 모든 것이 점점 더 의심스러워진다."
42,고질라 VS. 콩,8,액션,"거대 몬스터들의 습격을 받은 지 3년 후, 콩은 스컬 아일랜드를 떠나 인간들의 보호관찰을 받고 있다. 한편, 인간들에게 등을 돌린 고질라는 비밀연구회사인 에이펙스에 존재하는 알 수 없는 힘에 이끌려 그곳을 쑥대밭으로 만든다. 위기 상황 속, 지구 안의 또 다른 지구인 할로우 어스의 에너지원을 찾아야만 인류가 안전할 수 있다는 판단하고 콩의 보호자들은 콩과 특별한 유대감을 형성하는 아이 지아와 함께 타이탄들의 고향일지 모르는 그 곳으로 위험한 여정을 떠난다. 그러던 중 분노에 찬 고질라의 공격을 받고, 마침내 맞붙게 된 두 전설의 장대한 대결은 앞으로 닥쳐올 대재앙의 서막에 불과했는데…세상의 운명을 놓고, 지구상 가장 거대한 신화적 존재들의 스펙터클한 대격돌이 시작된다!"
44,런,8,공포/스릴러,태어날 때부터 장애 때문에 휠체어를 타고 외딴 집에서 엄마와 함께 살며 일상을 보내는 ‘클로이’. 딸을 사랑으로 돌보는 엄마 덕분에 힘들지만 매일을 긍정적으로 살아간다. 그러던 어느 날 식탁에 놓인 장바구니에서 하나의 물건을 발견하게 되고 믿었던 모든 일상이 흔들리기 시작하는데…
45,소리도 없이,5,액션,"범죄 조직의 하청을 받아 근면성실하고 전문적으로 시체 수습을 하며 살아가는 ‘태인’과 ‘창복’.어느 날 단골이었던 범죄 조직의 실장 ‘용석’에게 부탁을 받고유괴된 11살 아이 ‘초희’를 억지로 떠맡게 된다.그런데 다음 날 다시 아이를 돌려주려던 두 사람 앞에 '용석'이 시체로 나타나고,두 사람은 예기치 못한 사건에 휘말리게 되는데…"
46,애프터: 그 후,8,멜로,"""너만의 테사는 더 이상 없어!""첫사랑 하딘이 자신과의 연애를 내기에 걸었다는 비밀을 알게 된 '테사'둘은 헤어지지만 서로의 살결과 숨결을 끊지 못하며 아슬아슬한 썸을 이어간다.이후 대학 졸업을 앞둔 취준생 테사는 대형 출판사의 인턴십에 합격하고거친 하딘과는 180도 다른 젠틀한 직장 남사친 '트레버'를 만나게 된다.""테사의 두 번째 남자를 만났다""런던으로 떠나기 전에 테사를 향한 진심을 전하고 싶었던 '하딘'테사의 용서를 기다리며 과거의 잘못을 하나씩 고쳐나간다.워크숍 파티에서 취한 테사의 연락에 하딘은 기대 반, 걱정 반 마음으로결국 테사의 호텔 룸에 찾아가고, 샤워실에서 그녀석 '트레버'와 마주치는데…"
47,다만 악에서 구하소서,7,액션,"태국에서 충격적인 납치사건이 발생하고 마지막 청부살인 미션을 끝낸 암살자 인남(황정민)은 그것이 자신과 관계된 것임을 알게 된다.인남은 곧바로 태국으로 향하고, 조력자 유이(박정민)를 만나 사건을 쫓기 시작한다.한편, 자신의 형제가 인남에게 암살당한 것을 알게 된 레이(이정재). 무자비한 복수를 계획한 레이는 인남을 추격하기 위해 태국으로 향하는데...처절한 암살자 VS 무자비한 추격자멈출 수 없는 두 남자의 지독한 추격이 시작된다!"
48,1917,8,액션,제1차 세계대전이 한창인 1917년.독일군에 의해 모든 통신망이 파괴된 상황 속에서영국군 병사 '스코필드'(조지 맥케이)와 '블레이크'(딘-찰스 채프먼)에게 하나의 미션이 주어졌다.함정에 빠진 영국군 부대의 수장 '매켄지' 중령(베네딕트 컴버배치)에게'에린무어' 장군(콜린 퍼스)의 공격 중지 명령을 전하는 것!둘은 1600명의 아군과 '블레이크'의 형(리차드 매든)을 구하기 위해전쟁터 한복판을 가로지르며 사투를 이어가는데...
50,러브 앳,9,코미디,"#어느 날, 눈 떠보니 평행세계!아내 ‘올리비아’와 다투고 만취 상태로 잠에서 깨어난 ‘라파엘’은 평소와 다름을 느낀다. 같은 듯 다른 세상. 베스트셀러 스타 작가로서의 삶은 간데없고 중학교 선생님이라고!베프 ‘펠릭스’는 탁구광이 되어 있고 결정적으로!! 아내 ‘올리비아’는 자신을 아예 모른 채 유명 피아니스트로 살고 있다.#이 사랑을 기억하니?평행세계로 오게 된 원인이 운명적 사랑이었던 ‘올리비아’와의 관계가 소원해졌기 때문이라고 생각한 ‘라파엘’은 다시 그녀의 사랑을 얻으면 현실세계로 돌아갈 수 있다고 믿고 다가가지만그녀 곁엔 모든 게 완벽한 ‘마크’가 버티고 있다.이 세계에서 유일하게 자신을 믿어주는 친구 ‘펠릭스’의 도움으로그녀의 마음을 공략할 기회를 얻게 되는데…과연, 그들은 다시 사랑할 수 있을까?"
51,겨울왕국 2,8,액션,"어느 날 부턴가 의문의 목소리가 엘사를 부르고, 평화로운 아렌델 왕국을 위협한다.트롤은 모든 것은 과거에서 시작되었음을 알려주며 엘사의 힘의 비밀과 진실을 찾아 떠나야한다고 조언한다. 위험에 빠진 아렌델 왕국을 구해야만 하는 엘사와 안나는 숨겨진 과거의 진실을 찾아크리스토프, 올라프 그리고 스벤과 함께 위험천만한 놀라운 모험을 떠나게 된다.자신의 힘을 두려워했던 엘사는 이제 이 모험을 헤쳐나가기에 자신의 힘이 충분하다고 믿어야만 하는데…두려움을 깨고 새로운 운명을 만나다!"
52,그것: 두 번째 이야기,6,공포/스릴러,"27년마다 아이들이 사라지는 마을 데리, 또 다시 ‘그것’이 나타났다.27년 전, 가장 무서워하는 것의 모습으로 나타나 아이들을 잡아먹는 그것 페니와이즈에 맞섰던 ‘루저 클럽’ 친구들은 어른이 되어도 더 커져만 가는 그것의 공포를 끝내기 위해 피할 수 없는 마지막 대결에 나선다."
53,안나,8,액션,파리의 톱모델로 위장한 강력한 킬러 ‘안나’(사샤 루스)가 살아남기 위해 모든 위협을 제거해나가는 하드코어 킬링 액션
54,엑스맨: 다크 피닉스,5,액션,"어린 시절 비극적 교통사고로 자신의 능력을 알게 된 진 그레이는자비에 영재학교에서 새로운 가족을 맞이하게 된다.엄청난 잠재적 능력을 지닌 그녀는 엑스맨으로 성장해 우주에서 구조 임무를 수행하던 중목숨을 잃을 뻔한 사고를 겪는다. 예기치 못한 사고 이후 폭주하는 힘과억눌려왔던 어둠에 눈을 뜨게 된 진 그레이는 엑스맨의 가장 강력하고 파괴적인 적,다크 피닉스로 변하게 된다. 프로페서 X는 물론 매그니토까지 능가하는 두려운 존재가 된 그녀 앞에힘을 이용하려는 미스터리한 외계 존재가 나타나 그녀를 뒤흔들고,지금까지 엑스맨이 이뤄온 모든 것들이 무너지는 가운데엑스맨은 사랑하는 친구이자 가장 강력한 적이 된 다크 피닉스와 맞서야 하는데…"
55,기생충,8,드라마,"전원백수로 살 길 막막하지만 사이는 좋은 기택(송강호) 가족.장남 기우(최우식)에게 명문대생 친구가 연결시켜 준 고액 과외 자리는모처럼 싹튼 고정수입의 희망이다.온 가족의 도움과 기대 속에 박사장(이선균) 집으로 향하는 기우.글로벌 IT기업 CEO인 박사장의 저택에 도착하자젊고 아름다운 사모님 연교(조여정)가 기우를 맞이한다.그러나 이렇게 시작된 두 가족의 만남 뒤로, 걷잡을 수 없는 사건이 기다리고 있었으니…"
56,아사코,7,드라마,"I. 강렬했다. 누구에게나 처음이 그렇듯…첫사랑 ‘바쿠’와 함께하는 모든 날이 특별했던 ‘아사코’.설레지만 불안하고 뜨겁지만 자유로운 영혼이었던 바쿠는 어느 날, 다시 돌아온다는 짧은 말만 남긴 채 아사코를 떠나갔다. II. 편안했다. 다시 시작할 수 있어서…우연일까? 운명일까?첫사랑 바쿠와 똑같은 외모의 ‘료헤이’를 만나게 된 아사코.겉모습만 같을 뿐 공통점 하나 없는 모습에 혼란스럽지만,자상하고 따뜻한 료헤이의 사랑으로아사코는 다시 설레는 사랑의 순간을 맞이한다. 그러던 어느 날, 떠나간 첫사랑 바쿠가 갑자기 나타나고아사코는 흔들리기 시작한다."
58,아일라,9,액션,"1950년 한국전쟁에 파병된 ‘슐레이만’은 칠흑 같은 어둠 속 홀로 남겨진 5살 소녀를 발견한다.전쟁과 부모를 잃은 충격 속에 말을 잃은 소녀. ‘슐레이만’은 소녀에게 터키어로 ‘달’이라는 뜻의 ‘아일라’라는 이름을 지어주고 함께 부대로 향한다. 서로에게 무엇과도 바꿀 수 없는 가장 소중한 존재가 된 두 사람. 그러나 행복도 잠시, ‘슐레이만’은 종전과 함께 고국으로 돌아가라는 명령을 받게 되고, ‘아일라’를 끝까지 지켜내기 위해 모두의 반대 속에 자신의 선택을 감행하게 되는데…전 세계를 감동시킨 위대한 이야기가 찾아온다!"
59,레디 플레이어 원,8,액션,"2045년, 암울한 현실과 달리 가상현실 오아시스(OASIS)에서는 누구든 원하는 캐릭터로 어디든지 갈 수 있고, 뭐든지 할 수 있고 상상하는 모든 게 가능하다. 웨이드 와츠(타이 쉐리던) 역시 유일한 낙은 대부분의 사람들이 하루를 보내는 오아시스에 접속하는 것이다. 어느 날 오아시스의 창시자인 괴짜 천재 제임스 할리데이(마크 라이런스)는 자신이 가상현실 속에 숨겨둔 3개의 미션에서 우승하는 사람에게 오아시스의 소유권과 막대한 유산을 상속한다는 유언을 남기고, 그가 사랑했던 80년대 대중문화 속에 힌트가 있음을 알린다. 제임스 할리데이를 선망했던 소년 ‘웨이드 와츠’가 첫 번째 수수께끼를 푸는 데 성공하자 이를 저지하기 위해 현실에서 살인도 마다하지 않는 ‘IOI’라는 거대 기업이 뛰어든다.모두의 꿈과 희망이 되는 오아시스를 지키기 위해서는 반드시 우승해야 한다!그리고 우승을 위해서는 가상현실이 아닌 현실세계의 우정과 사랑의 힘이 필요하기만 한데…"
60,코코,9,액션,뮤지션을 꿈꾸는 소년 미구엘은 전설적인 가수 에르네스토의 기타에 손을 댔다 ‘죽은 자들의 세상’에 들어가게 된다.그리고 그곳에서 만난 의문의 사나이 헥터와 함께 상상조차 못했던 모험을 시작하게 되는데…과연 ‘죽은 자들의 세상’에 숨겨진 비밀은? 그리고 미구엘은 무사히 현실로 돌아올 수 있을까?
61,위대한 쇼맨,9,드라마,"쇼 비즈니스의 창시자이자, 꿈의 무대로 전세계를 매료시킨 남자‘바넘’의 이야기에서 영감을 받아 탄생한 오리지널 뮤지컬 영화 . 이후 다시 뮤지컬 영화로 돌아온 휴 잭맨부터 잭 에프론, 미셸 윌리엄스, 레베카 퍼거슨, 젠다야까지할리우드 최고의 배우들이 합류해 환상적인 앙상블을 선보인다.여기에  제작진과  작사팀의 합류로더욱 풍성해진 비주얼과 스토리, 음악까지 선보일 은‘우리는 누구나 특별하다’는 메시지로 관객들에게 재미는 물론, 감동까지 선사할 것이다.THIS IS ME! 우리는 누구나 특별하다!"
62,토르: 라그나로크,8,액션,"죽음의 여신 ‘헬라’가 아스가르드를 침략하고,세상은 모든 것의 종말 ‘라그나로크’의 위기에 처한다.헬라에게 자신의 망치마저 파괴당한 토르는 어벤져스 동료인 헐크와도 피할 수 없는 대결을벌이면서 절체절명의 위기에 빠지게 되는데…"
63,지오스톰,7,액션,"가까운 미래, 기후변화로 인해 지구에 갖가지 자연재해가 속출한다. 세계 정부 연합은 더 이상의 재난을 예방하기 위해세계 인공위성 조직망을 통해 날씨를 조종할 수 있는 '더치보이 프로그램'을 개발한다.하지만 프로그램에 문제가 생기면서  두바이의 쓰나미와 홍콩의 용암 분출, 리우의 혹한, 모스크바의 폭염까지,세계 곳곳에서 일어날 수 없는 기상이변이 일어나는데..."
64,에이리언: 커버넌트,8,공포/스릴러,역사상 최대규모의 식민지 개척의무를 가지고 목적지로 향하던 ‘커버넌트’ 호는 미지의 행성으로부터 온 신호를 감지하고 그곳을 탐사하기로 결정한다. 희망을 가진 신세계일 것이라는 생각과 달리 그곳은 갈수록 어둡고 위험한 세계였다. 상상을 초월하는 위협이 밝혀지며 그들은 목숨을 건 최후의 탈출을 시도해야만 하는데……
65,분노의 질주: 더 익스트림,8,액션,"마침내 평화로운 일상으로 돌아온 리더 ‘도미닉’(빈 디젤)과 멤버들.그러던 어느 날, 멤버들은 도미닉이 첨단 테러 조직의 리더 ‘사이퍼’(샤를리즈 테론)와 함께 사상 최악의 테러를 계획하고 있음을 알게 된다.리더의 배신으로 위기에 놓인 멤버들은 한때 팀을 모두 전멸시키려 했던 ‘데카드 쇼’(제이슨 스타뎀)까지 영입해최악의 적이 되어버린 도미닉과의 피할 수 없는 대결을 앞두게 되는데…"
66,핵소 고지,9,액션,비폭력주의자인 도스(앤드류 가필드)는 전쟁으로부터 조국과 소중한 사람들을 지키기 위해총을 들지 않아도 되는 의무병으로 육군에 자진 입대한다.총을 들 수 없다는 이유로 필수 훈련 중 하나인 총기 훈련 마저 거부한 도스는동료 병사들과 군 전체의 비난과 조롱을 받게 된다.결국 군사재판까지 받게 되지만 끝까지 자신의 신념을 굽히지 않은도스에게 군 상부는 오키나와 전투에 총기 없이 의무병으로 참전할 것을 허락하는데…
67,피케이: 별에서 온 얼간이,9,코미디,"집(우주)으로 돌아갈 리모콘을 도둑 맞은 외계인 피케이(아미르 칸).되찾을 수 있는 방법은 오직 신만이 알고 있다?각종 종교 의식을 행하며 신을 찾아 헤매는데.. 우리를 만든 신!우리가 만든 신!당신이 믿는 신은 누굽니까? 9월 3일, 신에 대한 발칙한 도발이 시작된다!"
69,포커스,7,액션,"베테랑 사기꾼 ‘니키’(윌 스미스)는 사기의 기술을 배우기 위해 찾아온 신참내기 사기꾼 ‘제스’(마고 로비)와 사랑에 빠지지만 너무 가까워지는 것이 두려워 일부러 그녀를 떠난다. 그리고 3년 후, 부에노스 아이레스에서 마주치게 된 두 사람이 동시에 한 명의 백만장자를 노리게 되면서 일이 꼬이게 되는데…"
70,그레이스 오브 모나코,8,드라마,"아름답고 우아한 이미지로 전 세계인의 사랑을 받던 '할리우드의 여신' 그레이스 켈리는 모나코의 레니에 3세와 세기의 결혼식을 올리면서 할리우드를 떠난다.하지만 답답한 왕실 생활에 서서히 지쳐가던 그녀는 히치콕 감독의 영화계 복귀 제안에 마음이 흔들리고, 모나코를 합병시키고 싶었던 프랑스는 할리우드 복귀를 고민하는 그녀를 이용해 모나코 왕실을 위기에 빠트리는데…	모나코의 운명을 바꾼 그녀 생애 가장 위대한 순간이 펼쳐진다!"
71,베스트 오퍼,8,액션,최고가로 미술품을 낙찰시키는 세기의 경매사이자 예술품의 가치를 알아보는 완벽한 감정인 올드먼(제프리 러쉬). 고저택에 은둔한 여인으로부터 감정 의뢰를 받으면서 예상치 못한 인생의 변화를 맞이하게 되는데…
72,트랜센던스,7,액션,"인류가 수억 년에 걸쳐 이룬 지적능력을 초월하고 자각능력까지 가진 슈퍼컴 ‘트랜센던스’의 완성을 목전에 둔 천재 과학자 ‘윌’(조니 뎁)은 기술의 발전은 인류의 멸망이라 주장하는 반(反) 과학단체 ‘RIFT’의 공격을 당해 목숨을 잃는다. 연인 ‘에블린’(레베카 홀)은 윌의 뇌를 컴퓨터에 업로드 시켜 그를 살리는데 성공하지만, 또 다른 힘을 얻은 그는 온라인에 접속해 자신의 영역을 전 세계로 넓혀가기 시작하는데…"
73,인 타임,7,액션,"커피 1잔.. 4분, 권총 1정.. 3년, 스포츠카 1대.. 59년!모든 비용은 시간으로 계산된다!!근 미래, 모든 인간은 25세가 되면 노화를 멈추고, 팔뚝에 새겨진 ‘카운트 바디 시계’에 1년의 유예 시간을 제공받는다. 이 시간으로 사람들은 음식을 사고, 버스를 타고, 집세를 내는 등, 삶에 필요한 모든 것을 시간으로 계산한다. 하지만, 주어진 시간을 모두 소진하고 13자리 시계가 0이 되는 순간, 그 즉시 심장마비로 사망한다. 때문에 부자들은 몇 세대에 걸쳐 시간을 갖고 영생을 누릴 수 있게 된 반면, 가난한 자들은 하루를 겨우 버틸 수 있는 시간을 노동으로 사거나, 누군가에게 빌리거나, 그도 아니면 훔쳐야만 한다. 돈으로 거래되는 인간의 수명!“살고 싶다면, 시간을 훔쳐라!!”윌 살라스(저스틴 팀버레이크)는 매일 아침 자신의 남은 시간을 보며 충분한 양의 시간을 벌지 못하면, 더는 살 수 없다는 사실을 깨달으며 눈을 뜬다. 그러던 어느 날, 수천 년을 살수 있는 헤밀턴이란 남자를 위험에서 구해준 윌은 그에게서 소수의 영생을 위해 다수가 죽어야 하는 현 시스템의 비밀을 듣게 되지만, 그 남자가 100년의 시간을 물려주고 시체로 발견되면서 졸지에 살인자의 누명을 쓰고 쫓기게 된다. 사람들의 눈을 피해 부자들만이 모여 사는 ‘뉴 그리니치’로 잠입한 그는 끈질긴 타임 키퍼 리온(킬리언 머피)의 추적으로 체포될 위기를 맞지만, 와이스 금융사의 회장 딸인 실비아(아만다 사이프리드)를 인질로 삼아 간신히 탈출한다. 이때부터 윌은 실비아와 함께 누명을 벗고 전세계를 통제하는 시스템의 비밀을 파헤치려 하는데…"
74,울지마 톤즈,9,다큐멘터리,"2010년 2월, 아프리카 수단 남쪽의 작은 마을 톤즈. 남 수단의 자랑인 톤즈 브라스 밴드가 마을을 행진했다. 선두에선 소년들은 한 남자의 사진을 들고 있고 있었다. 환하게 웃고 있는 사진 속 한 남자… 마을 사람들은 톤즈의 아버지였던 그의 죽음이 믿기지 않는다며 눈물을 흘렸다. 그들은 세계에서 가장 키가 큰 딩카족이다. 남과 북으로 나뉜 수단의 오랜 내전 속에서 그들의 삶은 분노와 증오 그리고 가난과 질병으로 얼룩졌다. 목숨을 걸고 가족과 소를 지키기 위해 싸우는 딩카족. 강인함과 용맹함의 상징인 종족 딩카족에게 눈물은 가장 큰 수치다. 무슨 일이 있어도 눈물을 보이지 않던 그들이 울고 말았다. 모든 것이 메마른 땅 톤즈에서 눈물의 배웅을 받으며 이 세상 마지막 길을 떠난 사람, 마흔 여덟의 나이로 짧은 생을 마감한 故 이태석 신부다. 톤즈의 아버지이자, 의사였고, 선생님, 지휘자, 건축가였던 쫄리 신부님, 이태석… 자신의 모든 것을 바쳐 온몸 다해 그들을 사랑했던 헌신적인 그의 삶이 스크린에서 펼쳐진다."
75,아바타,9,액션,"지구 에너지 고갈 문제를 해결하기 위해판도라 행성으로 향한 인류는 원주민 ‘나비족’과 대립하게 된다.이 과정에서, 전직 해병대원 제이크 설리(샘 워싱턴)가‘아바타’ 프로그램을 통해 ‘나비족’의 중심부에 투입되는데…피할 수 없는 전쟁! 이 모든 운명을 손에 쥔 제이크!그 누구도 넘보지 못한 역대급 세계가 열린다!아바타: 인간과 ‘나비족’의 DNA를 결합해 만들어졌으며링크룸을 통해 인간의 의식으로 원격 조종할 수 있는 새로운 생명체"
76,업,9,액션,"평생 모험을 꿈꿔 왔던 ‘칼’ 할아버지는 수천 개의 풍선을 매달아 집을 통째로 남아메리카로 날려 버리는데,‘칼’ 할아버지의 이 위대한 모험에 초대 받지 않은 불청객이 있었으니,바로 황야의 탐험가 ‘러셀’! 지구상에 둘도 없을 이 어색한 커플이 함께 하는 대모험.그들은 과연 남미의 잃어버린 세계에서 사라져 버린 꿈과 희망, 행복을 다시 찾을 수 있을까?"
77,용의자 X의 헌신,8,액션,"어느 날 형체를 알아볼 수 없는 남자의 시신이 발견된다. 사망자가 ‘토가시 신지’임이 판명되자, 그의 행적을 조사한 ‘우츠미’ 형사는 사건의 강력한 용의자로 전처 ‘야스코’를 지목한다. 하지만 그녀의 완벽한 알리바이에 수사의 한계에 부딪힌 우츠미는 천재 탐정 ‘갈릴레오’라 불리는 물리학자 ‘유카와’ 교수를 찾아가 도움을 요청한다. 사건의 전말을 확인한 유카와는 용의자의 옆집에 사는 남자가 대학시절 유일하게 수학 천재로 인정했던 동창 ‘이시가미’란 사실에 그가 야스코의 뒤에서 알리바이를 조작하고 있음을 직감한다. 그리고 이시가미와 접촉하며 의미심장한 말을 건넨다. “풀 수 없는 문제를 만드는 것과 그 문제를 푸는 것 중 어느 것이 더 어려울까? 단 정답은 반드시 있어.” 서서히 드러나는 천재 수학자의 치밀하고 완벽한 알리바이의 실체. 그리고 그 속에 숨겨진 한 남자의 뜨거운 헌신이 밝혀진다!"
78,예스 맨,8,코미디,"대출회사 상담 직원 칼 알렌(짐 캐리)은 ‘NO’라는 말을 입에 달고 사는 매사 부정적인 남자. 하지만 친구의 권유로 ‘인생역전 자립프로그램’에 가입하면서 그의 인생이 180도 뒤바뀐다! ‘긍정적인 사고가 행운을 부른다’는 프로그램 규칙에 따라 모든 일에 ‘YES’라고 대답하기로 결심하고 ‘뭐든지 할 수 있다’는 자세로 새로운 일에 도전하는 칼. 번지점프 하기, 한국어 수업 듣기, 모터사이클 타기, 남의 인생 간섭하기, 온라인으로 데이트상대 정하기… 정말로 ‘YES’라고 대답하니 지루했던 예전의 일상과 달리 인생이 너무나 유쾌하다. 하지만 이 남자, 접수되는 대출 신청서류마다 YES, 구매강요 온라인 쇼핑몰 메일에도 YES, 만나자는 여자들의 전화에도 YES, 무조건 YES를 남발하고. 정말 이렇게 ‘YES’ 해도 되는 걸까?"
79,멋진 하루,8,드라마,"많으면 많고 적으면 적은 돈 350만 원. 헤어진 남자친구에게 떼인 그 돈을 받기 위해 1년 만에 그를 찾아나선 여자가 있다. 그녀의 이름은 희수다. 길다면 길고, 짧다면 짧은 1년. 헤어진 여자친구에게 빌린 350만원을 갚기 위해 돈을 빌리러 나선 남자가 있다. 그의 이름은 병운이다. 어느 화창한 토요일 아침, 초겨울 찬바람을 맞으며 희수는 경마장에 들어선다. 두리번두리번, 경마장을 헤매는 희수. 마침내 병운을 발견한다. 병운과 눈을 마주치자 마자 내뱉는 희수의 첫마디. “돈 갚아.” 희수는 서른을 훌쩍 넘겼다. 그리고, 애인도 없다. 직장도 없다. 통장도 바닥이다. 완전 노처녀 백조다. 불현듯 병운에게 빌려 준 350만 원이 생각났다. 그래서 결심한다. 꼭 그 돈을 받겠다고. 병운은 결혼을 했고, 두 달 만에 이혼했다. 이런저런 사업을 벌였다가 실패하고 빚까지 졌다. 이젠 전세금까지 빼서 여행가방을 들고 다니는 떠돌이 신세다. 한때 기수가 꿈이었던 병운은 경마장에서 돈을 받겠다고 찾아온 희수를 만나게 된다. 병운은 희수에게 꾼 돈을 갚기 위해 아는 여자들에게 급전을 부탁한다. 여자관계가 화려한 병운의 ‘돌려 막기’에 기가 막히는 희수지만 병운을 차에 태우고 돈을 받으러, 아니 돈을 꾸러 다니기 시작한다. 한때 밝고 자상한데다 잘생기기까지 한 병운을 좋아했지만, 대책 없는 그를 이제는 더 이상 믿을 수가 없다. 1년 전엔 애인 사이, 오늘은 채권자와 채무자…… 길지 않은 겨울 하루, 해는 짧아지고 돈은 늘어간다. 다시 만난 그들에게 허락된 ‘불편한 하루’가 저물어 간다."
80,귀를 기울이면,9,애니메이션,"중학교 3학년 시즈쿠는 평소 책을 많이 읽는 소녀이다. 여름방학, 매번 도서카드에서 먼저 책을 빌려간 세이지란 이름을 발견하고 호기심을 갖는다. 어느 날 아버지의 도시락을 전해주러 가는 길. 지하철 안에서 혼자 탄 고양이를 보게 된다. 신기하게 여긴 시즈쿠는 고양이를 따라가다 골동품가게에 들어가게 되고, 그곳에서 주인 할아버지와 손자를 보게 된다. 그 손자는 다름 아닌 아마사와 세이지, 사춘기의 두 사람은 점차 서로의 사랑에 대해 알게 된다. 시즈쿠는 바이올린 장인을 자신의 장래로 확실히 정한 세이지를 보면서 자신의 꿈과 미래를 진지하게 고민하게 된다. 그 후 이탈리아 연수를 간 세이지가 돌아 올 때까지 작가가 되고자 도전해 보기로 하고 소설을 쓰게 된다."
81,패스트 & 퓨리어스 - 도쿄 드리프트,7,액션,"반항적인 기질의 션. 그는 자신의 억눌린 감정을 0.01초의 타이밍에 목숨과 거래하는 스트리트 레이싱 매니아. 하지만, 계속되던 무모한 레이싱으로 급기야 큰 사고를 자초하게 되고, 감옥에 가지 않기 위해 도쿄에 있는 아버지에게로 도피한다. 하지만, 가깝게 지내지 않았던 아버지와의 만남은 이국 땅의 낯선 문화와 함께 그에게 더욱 커다란 혼란만을 가져올 뿐, 적응을 하지 못하고 방황하게 된다. 그러던 어느 날 미국인 친구 트윙키에게 새롭게 유행하고 있는 익스트림 스포츠이자 젊은이들의 탈출구인 드리프트 레이싱에 대해 듣게 되는 션. 그는 도심의 위험천만한 급커브를 파워풀한 스피드로 질주하는 모습에 매료돼 순식간에 빠져들고 마는데.."
82,하울의 움직이는 성,9,애니메이션,"어느 날, 영문도 모른 채 마녀의 저주로 인해 할머니가 된 소녀 '소피'절망 속에서 길을 걷다가 거대한 마법의 성에 들어가게 된다. 그곳에서 자신과 마법사 하울의 계약을 깨주면 저주를 풀어주겠다는 불꽃악마 캘시퍼의 제안을 받고 청소부가 되어 ‘움직이는 성’에 머물게 되는데…"
83,이프 온리,9,코미디,"눈앞에서 사랑하는 연인을 잃은 남자는 다음 날 아침, 자신의 옆에서 자고 있는 연인을 보고 소스라치게 놀란다. 기쁨도 잠시, 정해진 운명은 바꿀 수 없단 것을 깨달은 그는 더 늦기 전에 자신의 진정한 사랑을 전하기로 마음먹는데…네가 아니었다면 난 영영 사랑을 몰랐을 거야사랑하는 법을 알게 해줘서 고마워, 사랑받는 법도."
84,태극기 휘날리며,9,액션,"가족의 생계를 책임지기 위해 열심히 살아가는 ‘진태’(장동건)는 약혼녀 ‘영신’(이은주)과의 결혼과, 세상에서 가장 소중하게 생각하는 동생 ‘진석’(원빈)의 대학진학을 위해 어려운 상황에서도 씩씩하게 생활을 해나간다.1950년 6월의 어느 날, 한반도에 전쟁이 일어났다는 호회가 배포되고, 두 형제는 평온한 일상에서 갑작스레 전쟁터로 내몰린다. 훈련받을 시간조차 없이 국군 최후의 보루인 낙동강 방어선으로 실전 투입된 ‘진태’와 ‘진석’. 동생과 같은 소대에 배치된 ‘진태’는 아직 학생인 동생의 징집해제를 위해 대대장을 만나게 되고, 동생의 제대를 위해 자신이 해야 할 최선의 것이 무엇인지를 느끼게 된다.그리고 동생의 생존을 위해 총을 들며 영웅이 되기를 자처하게 되고,끝내 생각지도 못한 운명의 덫이 두 형제를 기다리고 있는데…"
